{
    "name": "root",
    "gauges": {
        "Ergasia.Policy.Entropy.mean": {
            "value": 1.902449607849121,
            "min": 1.9010430574417114,
            "max": 1.9563078880310059,
            "count": 19
        },
        "Ergasia.Policy.Entropy.sum": {
            "value": 4061.72998046875,
            "min": 1156.512939453125,
            "max": 5008.57666015625,
            "count": 19
        },
        "Ergasia.IsTraining.mean": {
            "value": 1.0,
            "min": 1.0,
            "max": 1.0,
            "count": 19
        },
        "Ergasia.IsTraining.sum": {
            "value": 1.0,
            "min": 1.0,
            "max": 1.0,
            "count": 19
        },
        "Ergasia.Step.mean": {
            "value": 403684.0,
            "min": 369416.0,
            "max": 403684.0,
            "count": 18
        },
        "Ergasia.Step.sum": {
            "value": 403684.0,
            "min": 369416.0,
            "max": 403684.0,
            "count": 18
        },
        "Ergasia.Policy.CuriosityValueEstimate.mean": {
            "value": 53.68082809448242,
            "min": 53.45430374145508,
            "max": 66.51061248779297,
            "count": 18
        },
        "Ergasia.Policy.CuriosityValueEstimate.sum": {
            "value": 214.7233123779297,
            "min": 161.21273803710938,
            "max": 330.1620788574219,
            "count": 18
        },
        "Ergasia.Policy.ExtrinsicValueEstimate.mean": {
            "value": -0.6837093830108643,
            "min": -0.715316116809845,
            "max": 0.6531175374984741,
            "count": 18
        },
        "Ergasia.Policy.ExtrinsicValueEstimate.sum": {
            "value": -2.734837532043457,
            "min": -3.57658052444458,
            "max": 2.9059314727783203,
            "count": 18
        },
        "Ergasia.Environment.EpisodeLength.mean": {
            "value": 1534.0,
            "min": 1312.0,
            "max": 2018.0,
            "count": 18
        },
        "Ergasia.Environment.EpisodeLength.sum": {
            "value": 1534.0,
            "min": 1378.0,
            "max": 3463.0,
            "count": 18
        },
        "Ergasia.Environment.CumulativeReward.mean": {
            "value": 32.5,
            "min": 23.0,
            "max": 35.5,
            "count": 18
        },
        "Ergasia.Environment.CumulativeReward.sum": {
            "value": 32.5,
            "min": 23.0,
            "max": 70.0,
            "count": 18
        },
        "Ergasia.Policy.CuriosityReward.mean": {
            "value": 1535.0,
            "min": 0.0,
            "max": 1756.0,
            "count": 18
        },
        "Ergasia.Policy.CuriosityReward.sum": {
            "value": 1535.0,
            "min": 0.0,
            "max": 2902.0,
            "count": 18
        },
        "Ergasia.Policy.ExtrinsicReward.mean": {
            "value": 32.5,
            "min": 23.0,
            "max": 35.5,
            "count": 18
        },
        "Ergasia.Policy.ExtrinsicReward.sum": {
            "value": 32.5,
            "min": 23.0,
            "max": 70.0,
            "count": 18
        },
        "Ergasia.Losses.PolicyLoss.mean": {
            "value": 0.01740768289115901,
            "min": 0.01740768289115901,
            "max": 0.01740768289115901,
            "count": 1
        },
        "Ergasia.Losses.PolicyLoss.sum": {
            "value": 0.01740768289115901,
            "min": 0.01740768289115901,
            "max": 0.01740768289115901,
            "count": 1
        },
        "Ergasia.Losses.ValueLoss.mean": {
            "value": 9.817876168092091,
            "min": 9.817876168092091,
            "max": 9.817876168092091,
            "count": 1
        },
        "Ergasia.Losses.ValueLoss.sum": {
            "value": 9.817876168092091,
            "min": 9.817876168092091,
            "max": 9.817876168092091,
            "count": 1
        },
        "Ergasia.Policy.LearningRate.mean": {
            "value": 0.00025336693554436007,
            "min": 0.00025336693554436007,
            "max": 0.00025336693554436007,
            "count": 1
        },
        "Ergasia.Policy.LearningRate.sum": {
            "value": 0.00025336693554436007,
            "min": 0.00025336693554436007,
            "max": 0.00025336693554436007,
            "count": 1
        },
        "Ergasia.Policy.Epsilon.mean": {
            "value": 0.18445564000000006,
            "min": 0.18445564000000006,
            "max": 0.18445564000000006,
            "count": 1
        },
        "Ergasia.Policy.Epsilon.sum": {
            "value": 0.18445564000000006,
            "min": 0.18445564000000006,
            "max": 0.18445564000000006,
            "count": 1
        },
        "Ergasia.Policy.Beta.mean": {
            "value": 0.004224336435999999,
            "min": 0.004224336435999999,
            "max": 0.004224336435999999,
            "count": 1
        },
        "Ergasia.Policy.Beta.sum": {
            "value": 0.004224336435999999,
            "min": 0.004224336435999999,
            "max": 0.004224336435999999,
            "count": 1
        },
        "Ergasia.Losses.CuriosityForwardLoss.mean": {
            "value": 13.34807273944219,
            "min": 13.34807273944219,
            "max": 13.34807273944219,
            "count": 1
        },
        "Ergasia.Losses.CuriosityForwardLoss.sum": {
            "value": 13.34807273944219,
            "min": 13.34807273944219,
            "max": 13.34807273944219,
            "count": 1
        },
        "Ergasia.Losses.CuriosityInverseLoss.mean": {
            "value": 2.1619065244992575,
            "min": 2.1619065244992575,
            "max": 2.1619065244992575,
            "count": 1
        },
        "Ergasia.Losses.CuriosityInverseLoss.sum": {
            "value": 2.1619065244992575,
            "min": 2.1619065244992575,
            "max": 2.1619065244992575,
            "count": 1
        }
    },
    "metadata": {
        "timer_format_version": "0.1.0",
        "start_time_seconds": "1664717196",
        "python_version": "3.10.1 (tags/v3.10.1:2cd268a, Dec  6 2021, 19:10:37) [MSC v.1929 64 bit (AMD64)]",
        "command_line_arguments": "C:\\themhs\\ml urp\\venv\\Scripts\\mlagents-learn config/conf.yaml --run-id=test1 --resume",
        "mlagents_version": "0.28.0",
        "mlagents_envs_version": "0.28.0",
        "communication_protocol_version": "1.5.0",
        "pytorch_version": "1.12.0+cpu",
        "numpy_version": "1.23.2",
        "end_time_seconds": "1664736602"
    },
    "total": 19406.824246200034,
    "count": 1,
    "self": 10.005431800032966,
    "children": {
        "run_training.setup": {
            "total": 0.1137358999112621,
            "count": 1,
            "self": 0.1137358999112621
        },
        "TrainerController.start_learning": {
            "total": 19396.70507850009,
            "count": 1,
            "self": 0.6766736978897825,
            "children": {
                "TrainerController._reset_env": {
                    "total": 5.1801705999532714,
                    "count": 1,
                    "self": 5.1801705999532714
                },
                "TrainerController.advance": {
                    "total": 19390.707794702263,
                    "count": 37156,
                    "self": 0.2912222082959488,
                    "children": {
                        "env_step": {
                            "total": 19390.416572493967,
                            "count": 37156,
                            "self": 19343.05114481214,
                            "children": {
                                "SubprocessEnvManager._take_step": {
                                    "total": 47.018518885364756,
                                    "count": 37156,
                                    "self": 1.2236161855980754,