{
    "name": "root",
    "gauges": {
        "Ergasia.Policy.Entropy.mean": {
            "value": 2.4073238372802734,
            "min": 2.3631083965301514,
            "max": 2.445633888244629,
            "count": 43
        },
        "Ergasia.Policy.Entropy.sum": {
            "value": 4814.6474609375,
            "min": 2124.48779296875,
            "max": 4928.232421875,
            "count": 43
        },
        "Ergasia.Step.mean": {
            "value": 129964.0,
            "min": 45983.0,
            "max": 129964.0,
            "count": 43
        },
        "Ergasia.Step.sum": {
            "value": 129964.0,
            "min": 45983.0,
            "max": 129964.0,
            "count": 43
        },
        "Ergasia.Policy.CuriosityValueEstimate.mean": {
            "value": 2.1848504543304443,
            "min": 2.1848504543304443,
            "max": 4.750679016113281,
            "count": 43
        },
        "Ergasia.Policy.CuriosityValueEstimate.sum": {
            "value": 69.91521453857422,
            "min": 61.758827209472656,
            "max": 141.265380859375,
            "count": 43
        },
        "Ergasia.Policy.ExtrinsicValueEstimate.mean": {
            "value": -0.9359370470046997,
            "min": -2.9263663291931152,
            "max": -0.9359370470046997,
            "count": 43
        },
        "Ergasia.Policy.ExtrinsicValueEstimate.sum": {
            "value": -29.94998550415039,
            "min": -90.3232192993164,
            "max": -29.94998550415039,
            "count": 43
        },
        "Ergasia.IsTraining.mean": {
            "value": 1.0,
            "min": 1.0,
            "max": 1.0,
            "count": 43
        },
        "Ergasia.IsTraining.sum": {
            "value": 1.0,
            "min": 1.0,
            "max": 1.0,
            "count": 43
        },
        "Ergasia.Environment.EpisodeLength.mean": {
            "value": 1999.0,
            "min": 1998.0,
            "max": 1999.0,
            "count": 41
        },
        "Ergasia.Environment.EpisodeLength.sum": {
            "value": 1999.0,
            "min": 1998.0,
            "max": 1999.0,
            "count": 41
        },
        "Ergasia.Environment.CumulativeReward.mean": {
            "value": 48.300000205636024,
            "min": -22.40000046044588,
            "max": 54.60000041127205,
            "count": 41
        },
        "Ergasia.Environment.CumulativeReward.sum": {
            "value": 48.300000205636024,
            "min": -22.40000046044588,
            "max": 54.60000041127205,
            "count": 41
        },
        "Ergasia.Policy.CuriosityReward.mean": {
            "value": 5.265623949468136,
            "min": 0.0,
            "max": 272.32979905605316,
            "count": 41
        },
        "Ergasia.Policy.CuriosityReward.sum": {
            "value": 5.265623949468136,
            "min": 0.0,
            "max": 272.32979905605316,
            "count": 41
        },
        "Ergasia.Policy.ExtrinsicReward.mean": {
            "value": 48.300000205636024,
            "min": -22.40000046044588,
            "max": 54.60000041127205,
            "count": 41
        },
        "Ergasia.Policy.ExtrinsicReward.sum": {
            "value": 48.300000205636024,
            "min": -22.40000046044588,
            "max": 54.60000041127205,
            "count": 41
        },
        "Ergasia.Losses.PolicyLoss.mean": {
            "value": 0.028244408569298683,
            "min": 0.020439180364094985,
            "max": 0.028596378727039944,
            "count": 8
        },
        "Ergasia.Losses.PolicyLoss.sum": {
            "value": 0.028244408569298683,
            "min": 0.020439180364094985,
            "max": 0.028596378727039944,
            "count": 8
        },
        "Ergasia.Losses.ValueLoss.mean": {
            "value": 0.10018208598097166,
            "min": 0.09392905086278916,
            "max": 0.38026669224103293,
            "count": 8
        },
        "Ergasia.Losses.ValueLoss.sum": {
            "value": 0.10018208598097166,
            "min": 0.09392905086278916,
            "max": 0.38026669224103293,
            "count": 8
        },
        "Ergasia.Policy.LearningRate.mean": {
            "value": 0.00022365362544880002,
            "min": 0.00022365362544880002,
            "max": 0.0002667558110814001,
            "count": 8
        },
        "Ergasia.Policy.LearningRate.sum": {
            "value": 0.00022365362544880002,
            "min": 0.00022365362544880002,
            "max": 0.0002667558110814001,
            "count": 8
        },
        "Ergasia.Policy.Epsilon.mean": {
            "value": 0.17455119999999996,
            "min": 0.17455119999999996,
            "max": 0.18891860000000002,
            "count": 8
        },
        "Ergasia.Policy.Epsilon.sum": {
            "value": 0.17455119999999996,
            "min": 0.17455119999999996,
            "max": 0.18891860000000002,
            "count": 8
        },
        "Ergasia.Policy.Beta.mean": {
            "value": 0.0037301048800000005,
            "min": 0.0037301048800000005,
            "max": 0.00444703814,
            "count": 8
        },
        "Ergasia.Policy.Beta.sum": {
            "value": 0.0037301048800000005,
            "min": 0.0037301048800000005,
            "max": 0.00444703814,
            "count": 8
        },
        "Ergasia.Losses.CuriosityForwardLoss.mean": {
            "value": 0.15761392439405122,
            "min": 0.15761392439405122,
            "max": 31.80535248120626,
            "count": 8
        },
        "Ergasia.Losses.CuriosityForwardLoss.sum": {
            "value": 0.15761392439405122,
            "min": 0.15761392439405122,
            "max": 31.80535248120626,
            "count": 8
        },
        "Ergasia.Losses.CuriosityInverseLoss.mean": {
            "value": 2.432793688774109,
            "min": 2.376690133412679,
            "max": 2.441613864898682,
            "count": 8
        },
        "Ergasia.Losses.CuriosityInverseLoss.sum": {
            "value": 2.432793688774109,
            "min": 2.376690133412679,
            "max": 2.441613864898682,
            "count": 8
        }
    },
    "metadata": {
        "timer_format_version": "0.1.0",
        "start_time_seconds": "1663614930",
        "python_version": "3.10.1 (tags/v3.10.1:2cd268a, Dec  6 2021, 19:10:37) [MSC v.1929 64 bit (AMD64)]",
        "command_line_arguments": "C:\\themhs\\ergasia ml\\venv\\Scripts\\mlagents-learn config/configuration.yaml --run-id=final5 --resume",
        "mlagents_version": "0.28.0",
        "mlagents_envs_version": "0.28.0",
        "communication_protocol_version": "1.5.0",
        "pytorch_version": "1.12.0+cpu",
        "numpy_version": "1.23.2",
        "end_time_seconds": "1663615632"
    },
    "total": 702.275052099998,
    "count": 1,
    "self": 0.004395599986310117,
    "children": {
        "run_training.setup": {
            "total": 0.06155660000513308,
            "count": 1,
            "self": 0.06155660000513308
        },
        "TrainerController.start_learning": {
            "total": 702.2090999000065,
            "count": 1,
            "self": 1.1644682982732775,
            "children": {
                "TrainerController._reset_env": {
                    "total": 5.9979253999918,
                    "count": 1,
                    "self": 5.9979253999918
                },
                "TrainerController.advance": {
                    "total": 694.9066686017322,
                    "count": 85270,
                    "self": 1.0439774008118547,
                    "children": {
                        "env_step": {
                            "total": 655.3866570005775,
                            "count": 85270,
                            "self": 557.9000986978499,